mode,seed,n,accuracy,chance,lift_vs_chance,parse_rate,images_used,delta_vs_no_screenshots,delta_vs_screen_descriptions
no_screenshots,11,37,0.35135135135135137,0.3963963963963964,-0.04504504504504503,1.0,0,0.0,-0.02702702702702703
screen_descriptions,11,37,0.3783783783783784,0.3963963963963964,-0.018018018018018,1.0,0,0.02702702702702703,0.0
screenshots,11,37,0.4864864864864865,0.3963963963963964,0.09009009009009011,1.0,37,0.13513513513513514,0.10810810810810811
