{
  "mode": "no_screenshots",
  "seed": 11,
  "n": 37,
  "accuracy": 0.35135135135135137,
  "parse_rate": 1.0,
  "chance": 0.3963963963963964,
  "lift_vs_chance": -0.04504504504504503,
  "images_used": 0,
  "device": "cuda:0",
  "cuda_available": true
}